-2.14762753770839,-15.0278359560972,1.20215878931371,-0.0833602499995574,0.376810263998641,0.047380136820068,0.49993479598374,0.0318929777479668,0.134331274074011,-0.0472008746853238,0.153689713563844,-0.00398549587776224,0.0141717859605376,-0.0684459341232672,-22.6763959379722,370.979557724423
-2.09247903878175,-15.2469192597977,1.83851104286505,0.384401046112145,0.61766330233175,0.13195834197072,0.404497871210461,-0.0818728976755054,0.156158997395475,-0.0341008722877753,0.157078144874082,-0.0217111430503752,0.0137301250484883,-0.075074861784399,-28.4178279416266,347.152981220943
-2.63985274460127,-14.8496643055555,1.52300803133972,0.311018922980847,0.604973975712252,-0.01674746162464,0.449006318405408,-0.0643108586642945,0.0910907216980119,-0.0789698935729424,0.115109484319287,-0.0514026727715893,-0.0415681445368021,-0.107342186181688,-28.4611583811521,324.735259099948
-2.03988486792243,-14.4969403701682,1.238548990749,0.0790956608889509,0.349542176291182,-0.0407563383305574,0.477293673552366,0.0253017639850931,0.179587750874933,-0.0175976702620689,0.1409749979872,0.0125948346052346,0.00937269505799735,-0.0307182615322802,-21.9638470822698,323.881893842549
-2.68617001401232,-15.1477128289461,1.68094070065967,0.0933438429100813,0.222383383232467,-0.0256001944432878,0.606931488026097,-0.00465716541479,0.113752958591329,-0.13903400677818,0.144305350608099,-0.00204565619141507,0.0332022081592187,-0.0435165394006386,-30.9968386115743,351.319656455444
-0.631861828254204,-14.5284466820061,1.68384745017489,0.104274353671141,0.485869427850524,0.0954636195637101,0.392764516379077,0.0172646400919655,0.149398503806871,-0.0232915060815131,0.108057123566858,0.0429335500201741,0.07076179237191,-0.0389264666205314,-17.9899650240044,341.621862752299
-0.525753526739539,-14.1763644285718,1.83332426858043,0.0825479014574462,0.487541097026427,0.0648245634196302,0.306436513374214,-0.0016381519554534,0.120225922894634,0.0106524130669596,0.108086191149819,0.00470553302493631,0.0210199031570048,-0.0372448328640659,-18.3854740143822,385.476686989863
-1.85494441419623,-14.998266297704,1.61891657552127,0.226768029864524,0.296744388905551,0.0813180400055612,0.541602205350625,-0.0273700775741658,0.0720206973287734,-0.0776403890293009,0.175660812231371,-0.00195123179270107,0.0659025116877033,-0.0564593555801906,-27.502590095418,351.8268545548
-2.23254634368597,-13.8520282162673,1.22038421899404,0.0598023827275364,0.5106544971199,0.102775813041146,0.257454617387453,-0.0245586374170924,0.200370509244218,0.0747943091724214,0.134905777455779,0.0305459039811644,0.106845394948557,-0.0588896079499793,-20.5386784294357,286.253657848652
-3.12211817076466,-15.1910933015553,1.10908107939685,0.050650650393405,0.594979804139364,-0.0281788476794624,0.451965829136031,-0.117364186831064,0.133519698042003,-0.024253947751127,0.167334972062947,0.022158511463923,0.0734007965751161,-0.0784210518453361,-28.6812281444453,359.97488184898
-1.69408681734394,-14.8496349004517,1.57957806530587,0.294506881259742,0.496136882616166,0.0554964718786299,0.474259195634471,-0.0341371675446404,0.167713122948514,-0.0795314549931124,0.134992690098422,0.0174805791177601,0.0803675657409364,-0.0289213005982981,-22.7380037770845,335.924061956005
-0.328249102531765,-14.1107826985246,1.62549848846723,0.358139647966119,0.515619464556374,0.145453134279546,0.42092976694639,0.0174789673267967,0.135412879705478,-0.0230517989389046,0.121499290165498,0.0118092614602451,0.0627317822956985,-0.0306981944549411,-16.1102354270774,324.900332732387
-2.37029533240462,-14.7680363339081,1.52295623464551,0.35354047891154,0.242169955821194,-0.167777085340179,0.435992428809072,-0.023067184653826,0.0509143689473422,-0.0438206253666823,0.0939353224630708,0.0200484649738501,0.0579897770146931,-0.0640958456508819,-27.2443159394634,366.169677749292
-2.27457521276115,-14.0612954767028,1.51381467473201,0.157092707770872,0.276580153160403,-0.0465392361605403,0.475100208819164,-0.00665441436166748,0.161066226318711,-0.0276516378147867,0.0461214603949438,0.0926118886425712,0.0620496130547073,-0.00738674230831193,-29.8515495679058,293.401336821011
-1.48278194613003,-13.9726653397294,1.8956499806218,0.233167533908286,0.08676230827696,0.0982845884087736,0.45422407855956,-0.0145534429543077,0.188147154438018,-0.0661320456703659,0.0947937126959833,-0.0235008368620077,0.038539548830115,-0.0601673267434015,-19.1953312373044,322.459613084071
-2.21432527417219,-14.3545336802178,0.967237121982023,0.186769016584418,0.563750567660967,0.0946723276893911,0.333745964271093,0.0240773571994612,0.0644290637503643,0.0636014360804067,-0.00316667367373042,0.0183988839118067,0.0591756094601446,-0.0525684340036192,-22.0089916699791,339.316688259323
-2.10903448734647,-14.4194115907602,1.04587263750353,0.25035674425727,0.584571182852795,0.0622989791838199,0.372629292765633,0.0288138723493221,0.0950387251470939,0.0460159078611359,0.0127794688011109,0.026309543986643,0.0770412044553745,-0.0543225736797919,-21.868048348863,339.530811054959
-2.43668689509164,-13.9109861929628,1.37937684588816,0.0106286279009132,0.409727114966992,-0.0170689870223215,0.263158253809859,-0.0307172934509128,0.171151828401226,-0.0314818121510481,0.0943553255828817,0.11157135568676,0.0110361176232452,-0.055916264212907,-28.7904650194812,318.107136967283
-2.6159833728594,-13.8455786451451,1.32706483657673,0.00303236769942322,0.516349850200976,0.0256228099190101,0.238165605309313,-0.0898607631091682,0.186399826996132,-0.028933219397891,0.0648968515363227,0.0799176784181997,-0.0147553966122083,-0.04589300833286,-28.3395641270519,289.765145914274
-1.02620225141412,-14.4381590425154,1.59533043752464,0.326307501940867,0.486689627305551,0.137944621545182,0.403076387672298,-0.000351083593590654,0.102096723535705,-0.105150020532508,0.133259827581571,0.0375116259949619,0.0374630007468114,-0.00967615950157153,-19.0471504317485,353.542858670516
-1.69846970996637,-14.2869582571369,0.958997972455544,0.0498188703610411,0.467428271574973,0.0110144567489691,0.344009075046997,0.0408910665865289,0.151923917408956,-0.0345723805420361,0.11003538104499,0.0709171892107752,0.0184525518348866,-0.0913393638719554,-22.0053757485581,344.025064607273
-0.976105752482959,-14.615765024225,1.94450489353115,0.146549758931295,0.634939540833364,0.132212300498769,0.565020452856031,-0.033364762728564,0.102279682193931,-0.100588082806958,0.194812218014973,0.00322759074540364,0.04020508469861,-0.0312988749639457,-21.5736751202978,338.31701318165
-2.13445203765071,-15.4354484891271,1.68760538655115,0.0422434086739283,0.292573976833278,0.0491161054285,0.473107300899393,-0.0289542628273453,0.0926542798471812,-0.11438595027985,0.235397034154087,-0.0022823451972329,0.0103208342776002,-0.0437543431292438,-26.5930382432885,380.894300156037
-3.3521912780861,-15.4222859490832,1.8086392428822,0.179035984979097,0.432249242611518,-0.0717574869690479,0.385782402514788,-0.0800070243136472,0.1148809621012,-0.16709956108658,0.208813305850234,-0.0346429938030195,0.0710501199597944,-0.0609180086271289,-32.9935068833516,306.214907171013
-1.64246834148285,-14.2436599344079,1.36001600812249,0.0623115375945205,0.355138571527528,0.0342372241130226,0.389800255206912,0.0147270519789028,0.1300063536532,-0.00888245083400353,0.082203702913945,0.045970871067581,0.0534436406506757,-0.0753589502680079,-19.9004991723706,357.50451231306
-3.39604230859881,-14.0699268920476,0.939272006963117,0.0109105142895897,0.401677808717615,-0.027284380478415,0.11256433414975,-0.0794004999343689,0.236271234232843,0.00329188166826865,0.0453458854727088,0.0684994220323412,-0.009867172700011,-0.09019949813211,-30.2326681009147,270.529897068396
-2.71858659816108,-14.1453752365702,1.05321175537004,-0.0647757836485909,0.650343344947117,0.198031372105282,0.306365377596805,-0.0633865273642077,0.222690287368307,0.00310551275431391,0.0850396656495497,0.0458581101645628,0.0277671743971066,-0.0419011619403383,-27.9749393542299,336.430799836373
-0.607777802949674,-13.6529349913273,2.19515050600963,-0.0522991588182228,0.451927882776385,0.115717939759037,0.310014684173489,-0.0545780465317162,0.0734056592312778,-0.122523547768495,0.145861216581217,0.0247558540602455,0.0361854893096365,-0.0465105759969695,-17.4286904724182,324.788240064408
-1.72853398901423,-14.50738552897,1.65180692262727,-0.0388908588826088,0.538702455340113,0.0960952311816025,0.450567193952054,0.0525508366722737,0.126143412574989,-0.0494264266846438,0.130989573046679,-0.029638341251201,0.0373531667336797,-0.0295796977609377,-22.8688795261425,339.174303900868
-3.97690462471295,-15.6968454265925,1.12760860346548,-0.140619666700824,0.436580636737179,-0.0167538149727471,0.429854058029274,-0.073884649171786,0.133679718183381,-0.110316002689231,0.28009046163009,0.0228012143688922,0.0802224576634723,-0.044943898711526,-29.1007621541387,318.230417512207
-3.80297181770171,-14.1966990079642,0.641153241445912,-0.145531857109978,0.646903610359176,0.0251817703761148,0.0880110607540217,-0.068230128977957,0.10045390592033,-0.0110093456819055,0.0339595973136863,0.15253437448208,-0.0118770225237222,-0.0510761245366302,-30.7385084593074,292.148757873127
-4.43113648067804,-15.6089175384445,1.24354506504471,0.0522964753522324,0.555259595629637,-0.00308873649673898,0.409127287633176,-0.0426217879915286,0.120594257110747,-0.159165939357917,0.319377060837308,0.0234999471246699,0.0191957541237135,-0.0033538186747663,-35.2865249096439,213.033187230859
-2.86664877484512,-15.2331399294655,1.62445394131708,-0.0846021187004218,0.020948184914997,0.0305670218050431,0.490872539408632,-0.134422709394128,0.143171858577806,-0.0316762165499948,0.171142818168702,-0.0617954159920663,0.043943394972469,-0.0386568388969744,-26.7720283460779,358.512786393244
-0.943229982782475,-14.5191697244455,1.8058094126808,0.198455105050003,0.381418202806674,0.0475071593684509,0.30407401475557,-0.0660312469439943,0.153458348101338,0.0123121821680536,0.148774246910939,-0.0528439512295221,0.00109544758872741,-0.0373459269012338,-17.7241227574691,339.584383106918
-2.38101941806941,-14.9190142546667,1.92777214827482,0.0151839315116476,0.231586334605073,0.0280447630029881,0.362465906302299,-0.0902861188512888,0.202735579328892,-0.0657395482430106,0.157794132884179,-0.0268605571142022,0.0340447452388294,-0.0393106432977913,-22.2219298148576,330.308659901636
-1.74996452110791,-14.3368165962435,1.87764424529098,0.354964322367461,0.401821843164167,-0.232963854394387,0.298819370764941,-0.175384569405092,0.107731690578546,-0.0382525563891488,0.150904999335378,-0.0520537918202545,0.0502428423392788,-0.0123541632914122,-27.532905886511,358.400802060345
-3.88382611221575,-14.9262970221539,1.10132622960627,0.1909757804221,0.686066526194808,-0.0790485492875013,0.41767680917986,-0.0636144839480403,0.1067684366792,0.0202408880633551,0.225280400452857,-0.0594592170723744,0.0154317195412372,-0.0575316771355046,-36.050812783728,230.70249659072
-3.32435383894244,-14.703556004911,1.41932013233012,0.229740665865273,0.656255575993019,-0.0639087483237283,0.388796749191101,-0.112450961278435,0.155887905572581,-0.0422440501851079,0.207958304793776,-0.0158999150423739,0.0541938655117497,-0.0555110574317658,-33.6874734070189,242.089362462681
-3.29002530613469,-15.5645168652406,1.00775537931048,0.0645438045585694,0.620683569676484,0.00718554241135655,0.432200057553676,-0.145522709307857,0.14834602958081,0.0135472415427568,0.228894276087387,0.0189376903772088,0.0288399953770061,-0.0747999307844984,-33.5766634674011,360.843700428806
-1.9997126194012,-15.5621054446768,1.06447336769091,0.101150651642403,0.505069038126495,-0.00487934239526823,0.413779743666454,-0.071507236222553,0.0832163095336407,0.0128340485167031,0.179163471116786,0.0366208743333643,0.0279810742143684,-0.095388637376744,-27.2465841910693,394.747168383208
0.340733815641499,-13.0945356836179,2.26924747467181,0.181696946880888,0.686272326305208,0.119717674947489,0.284996223968271,-0.0155646992543522,0.172248935505199,0.0267134143150123,0.0882172247558296,0.00546264553522865,0.0491282524429756,0.00226221954955689,-16.5327440184698,227.60751825262
0.155359521815513,-12.6039533527306,2.7133782945578,-0.0367586846676034,0.418965897690482,0.00580392962297939,0.263801850949515,-0.0341376408511729,0.128978275746878,-0.00413238951131897,0.0943916659732646,-0.0145902984250015,0.0287762403829832,-0.0256874310709594,-17.6599658160734,235.05909422614
2.03506403210093,-11.1888273007972,2.52808575928159,-0.0660574021660235,0.502316885422224,0.0889559361415965,0.254833260963906,-0.000894949221940996,0.119165928179285,0.0386062251200468,0.0591019226318836,0.024872797884878,0.0436319037230127,0.0232327420337941,-11.3688300729559,254.047020409856
-0.83552377654137,-14.1440870071573,2.53711687949263,0.591787459104048,0.582143668950207,0.188421373718604,0.45811945309015,-0.0118812971396567,0.18780445383591,-0.0584572136088127,0.132729803295066,-0.0194625700294481,0.0445703954887512,-0.0283294801486665,-22.5638518249225,151.730292156645
-0.194295068263048,-12.9677382974469,2.4468639687127,0.10933950448867,0.448383153618561,0.0771031277129978,0.349915946091868,-0.0725718210120377,0.153273782046917,-0.0094744596720833,0.127413439757119,-0.0157497698402833,0.051169998052172,-0.0254449247744191,-19.8469554048627,238.571172238904
-0.298420060330066,-12.2488614236719,2.29931266421985,-0.234364014471459,0.367401248544349,-0.241081357680007,0.196181104336825,-0.128587611864904,0.0987486326343029,-0.0569865108488334,0.0766642389746683,-0.0301864585665205,0.0543994255559776,-0.015656129245996,-21.0138487218631,261.313088616174
0.216262565215612,-11.9102979825123,2.09617622957157,-0.0523297653518144,0.585995479948513,-0.0936929986619008,0.303458721495326,-0.0674237720394103,0.153473426077334,-0.0268805898174766,0.091940573314065,-0.00828653519245872,0.026405741750606,-0.0098692183499307,-16.0551996537027,246.151372712451
-1.22729412987209,-13.3937683956457,1.93336446012519,-0.00346412517218926,0.518977600150124,0.0272163200459562,0.326496594422958,-0.0989147407322545,0.161988399521739,-0.0650952251206168,0.11152965505598,-0.0512813323652363,0.0434420141031652,-0.00684637059382205,-21.5953341186415,261.907070948384
-2.52164074474678,-14.1581068630766,2.23852506589277,-0.0849373714835205,0.360411327971371,-0.066064515711477,0.340312575777886,-0.0711505960810132,0.0880603830976578,-0.140001866160006,0.156596662309199,-0.0425903226627198,0.0356335692509582,-0.0306563372234957,-27.3378765698611,257.142862744562
-2.52529884106749,-14.3687514195838,1.98949011871987,-0.212854301746256,0.196483427988614,-0.123143398762417,0.394502761305004,-0.0222686568140251,0.123355363042847,-0.0801248364748489,0.176312975571987,-0.0220189137126272,0.0158470002981065,-0.0553748647234115,-27.8205942304806,322.548578529407
-1.31725019666561,-13.5129498017702,1.97876036940736,0.0263342094576267,0.257153325147133,0.0307253097525074,0.320655410174988,0.0297877312548086,0.0911988388509156,-0.0813864490476005,0.0820320896309473,0.0339024916761136,-0.0115135617743075,-0.0386435841913457,-23.79720499688,321.851844953149
-1.7919037625454,-13.9889456217644,1.18192744022324,-0.113593065230391,0.493291955411559,0.0720986449524752,0.455294108406468,0.0946693216662541,0.126754887020277,-0.0142213290406653,0.107681173094273,0.0984747654408184,0.0524173383666953,-0.0684098611944371,-26.6354934089263,343.361458483747
1.13725105446387,-11.3392807877623,2.41855353719488,-0.0731317505497652,0.472911834384904,0.0219513607489826,0.278242053244138,-0.031722603634947,0.0957954025345742,0.0115319520020309,0.0290665749353643,-0.00572779008746523,0.0328919353507781,0.0116855896851383,-12.2265311319494,290.779535347072
1.25244914617234,-10.6021823900409,2.58479401126927,-0.308623370067754,0.305559637795974,-0.073627116666741,0.26892456935884,-0.0359477338135953,0.0972450346540585,-0.0345150769847031,0.0637325274386577,-0.0356701140630532,0.0399273387607169,-0.0256701523661887,-12.5526850786968,248.720316646461
-2.07793999936944,-14.9547833045452,1.04706850765585,0.113475648427815,0.287342128726631,0.0201514991530486,0.666253004003129,0.0908585487266657,0.11378270296226,-0.0533786055514292,0.0680825275833482,0.0716761175206514,0.00280039738360095,-0.0899213436809917,-23.6452122994891,366.572217161161
-2.2359714821244,-13.4192769164372,1.66878400178073,-0.0785180922215141,0.404096465104186,-0.0926719160613363,0.31841934642078,-0.0128922149508946,0.126213827476303,-0.0131721041551317,0.0989310758896381,-0.00822361477564065,0.0347025912608955,-0.0511270965667504,-19.5452331578301,185.629086946561
-1.61764828224931,-13.9557328551104,1.35151703759552,-0.00178540355715672,0.436033932496659,0.100838035662935,0.348616674829812,0.00870705030536817,0.21273644137784,-0.0236825796663159,0.0913230232586101,0.0229084676041825,0.0847967541429428,-0.0414714360918423,-18.4647982176375,292.32698821421
1.61838893389619,-10.6896288684123,2.61351895052736,0.0337465700506168,0.350360889637721,0.0571238027454917,0.255978352687216,-0.0375689640675072,0.094089255149491,0.0280076293512368,0.0633734269701689,-0.00739312284624933,0.0222533778469234,-0.0419051685364373,-9.65741774075102,232.678795940629
1.17636795968657,-11.4686348436919,2.30402108062045,-0.064776118378895,0.537659243956703,-0.156886832962933,0.274536351202429,0.002831852789842,0.132202807012797,0.0234518553405389,0.045587265689889,-0.0097639999533394,0.0623583965155715,-0.0717443612220789,-14.2705410761139,262.569276501861
0.0616469187021123,-12.6484375791497,2.46469658562456,0.0572520934217392,0.268566939900077,0.000885631186139307,0.485818262485307,0.101886349789952,0.128497489062625,-0.00833171611893084,0.0598462157752801,0.0368057344640889,0.0719999127633015,-0.0941184829729791,-20.0201183893954,227.949523548055
-1.60655124801537,-13.0250859220713,1.563727366081,-0.0979460882571774,0.448657159738057,-0.0504698550564804,0.276167923769276,-0.0247284345568612,0.142489698918916,-0.0144582926202439,0.0919098638470301,0.0326076649716529,0.0591527411692532,-0.0491231885989884,-20.8994156805066,284.33715311858
-1.11845655290475,-12.7138686278483,1.81882399313229,-0.208977142256253,0.303435394234575,-0.10850718130593,0.278794683470085,-0.0302308341545717,0.0931320513238163,0.0119072848018408,0.0692756123867307,0.0421139554261048,0.0533445622238414,-0.0603072607465189,-21.515199491691,286.660720842505
-2.20190037908266,-14.0442941383857,1.76892709360029,0.387255154727029,0.372365312376989,-0.110403822051382,0.384231716741803,-0.0794079510720371,0.00783267083022562,-0.0173649119864913,0.0906652537942276,0.000785497419415073,0.0364994743417686,-0.0866230222051295,-25.2572370293084,313.180486674771
-1.36627003077557,-14.0434669371878,1.41994380003757,0.00178525665673325,0.590123448902987,0.125077429067957,0.339121367539402,-0.168644577529244,-0.00677522802405585,0.0555268594661622,0.0997245938620595,-0.00787929273648038,0.0733690601988731,-0.0402808436217672,-20.8502645936218,338.399077575875
-1.48498399434803,-14.4175625427098,2.04349585652262,0.239251363199195,0.438488756903183,-0.00831325240701341,0.333854156432089,-0.0899658147387655,0.164266138065567,-0.0178784320391723,0.106477422765714,-0.0304766352834722,0.064604732695533,-0.0807748700793744,-24.1372123786505,338.717052202866
-1.65738507620965,-14.58740340816,1.70853726507064,0.245857106548825,0.397781542594327,-0.156720600957054,0.25707031159576,-0.124800514683322,0.10580987443218,-0.0830173281023041,0.113740327864991,-0.0416703976441583,0.012784502592554,-0.0543044059702134,-23.1639754530399,382.149818474036
-1.81803131447433,-15.0978085536697,1.83026456272664,0.439849544376453,0.320045170238053,-0.181131235722534,0.311881286669404,-0.0645816522371802,0.119635156486665,-0.0650068270808139,0.139437587379093,-0.0267020110830172,0.00599385010830724,-0.0653094646214921,-22.3558505946935,379.047394826778
-2.07163445788925,-15.1312524257734,1.77281272067843,0.322663705451335,0.404928394972019,-0.145610163555645,0.290875278099182,-0.0660826369209464,0.107500387360594,-0.0809376300688779,0.131786689007379,-0.0443749995733979,0.0148009973228769,-0.0453789311567143,-24.9748097606864,386.867162984678
-1.94649092741434,-14.0271662416651,1.28829435942883,0.249768479923684,0.426368531154799,-0.110479472086956,0.251251379482322,-0.00859614607971117,0.144111147716933,-0.0324456527006592,0.116228697363916,0.0284939791818782,0.0638291907693393,-0.0801232442024342,-18.1184287571024,338.798275315737
-2.08788715810688,-14.0425657738273,1.07965929460565,0.198130124152416,0.689465347259443,-0.0215231140913058,0.297437982039291,-0.0706302909919902,0.0993539463735628,-0.0582542519103955,0.160761746348536,-0.0031437561145616,0.0196471621960519,-0.0664672452023413,-19.6196202353649,346.684350756522
-1.51307374294961,-13.9508935739433,1.89011455205266,0.283698980054106,0.151670194702552,-0.066098075321228,0.54542446876264,-0.0457990800492894,0.153671868974945,-0.0110409678368911,0.122066195052169,0.0109585895400856,0.0692332288324907,-0.0466658433926964,-19.7095153503175,307.657684086557
-3.11968106069313,-15.3307327010515,0.881323767792639,0.295975506431573,0.624118321319725,-0.0343617030719938,0.466142484464329,-0.0587784454975993,0.239204170997437,-0.0788454338213277,0.187137799907813,-0.00949802367360551,0.0607549151924909,-0.0670958613780918,-29.2015030857739,330.07681492317
-2.18412015321076,-15.1191527055765,1.18553938278974,0.0173922329698401,0.528267025126972,0.0687215157879431,0.478724799454333,0.0892826888655388,0.135718964461858,-0.090153558281069,0.105450966129402,-0.0246798524610051,0.0711809660066731,0.0139281142517209,-28.9774000324159,375.781014686011
-2.93733471873853,-14.7640944465702,1.8271042279993,0.188956322716466,0.315078515488604,-0.338102753985695,0.225170028136273,-0.106554947869542,0.192460894928099,-0.14952816993967,0.106356693313143,-0.0235622046436277,0.0189470135405994,-0.0899732534856987,-30.2224886442099,311.775503877031
-2.17954934542795,-14.3431556660974,1.30139401143774,-0.0693174177540727,0.502378996750786,-0.114625100490071,0.187055722112594,-0.12152927540048,0.361614279714149,-0.0174638771611124,0.141004427991416,0.0160326440499135,0.0682328375420263,-0.0319087697886415,-24.730684489072,356.775244696628
-2.82258228488072,-14.5235886635366,1.3876057134244,0.00706405492810626,0.50131210279508,-0.0642143052816114,0.360685125427115,-0.124833914484759,0.145914887526108,-0.036078565721661,0.101407053545812,0.0282462866832081,0.0873218408744644,-0.0306081561313199,-26.3787723709349,322.161913497226
-2.13897114711192,-14.1309260124954,1.42158398916884,0.242760577069845,0.322972412626168,-0.056742517556202,0.429353499717103,0.109996295651495,0.122390932691636,0.00587790358377384,0.168751857882712,0.101229040478227,0.00839276854942551,-0.15219926409998,-20.4623054285756,342.390504385578
-2.20897796752345,-14.1000370685469,0.981920823646984,-0.0253508858547354,0.562825518982472,0.0195961021610882,0.259748021645238,-0.0281544741576308,0.242580175371947,0.0041448695121523,0.080066018068025,0.0329179343062818,0.0175733083660684,-0.0792155488458242,-25.3557674882823,345.989654831693
-2.08365096112456,-14.2847539649748,1.11677093785763,0.159841730748888,0.513591906125626,-0.0216930016252449,0.31107276473964,0.0268293964090634,0.103537616728779,-0.103548287389358,0.109626671404564,0.159996024775549,-0.0229587541540312,-0.1250989067223,-27.0316040660935,339.768924634298
-3.06480948673685,-14.9950117220012,1.84293952808313,-0.034136659391768,0.255798132866992,0.0923447913751424,0.490012501944738,-0.166168510248925,0.123292740411499,-0.0535362655937709,0.137006704074119,-0.0563176281946512,0.0403651067988113,-0.050013658060024,-33.2529914027649,332.204624172651
-1.50801815705219,-14.956376055546,1.4844619302046,0.0672423441222329,0.411477903962069,0.154157190515721,0.501875882822331,-0.0388010938849154,0.113677011162828,-0.0899366777061202,0.133872196338804,-0.0124080656014296,0.000113763224359921,-0.0484472486423983,-22.638759240333,365.973664950163
-1.58860283117547,-14.3931756758034,1.36680667581528,-0.0969919349331849,0.378454757257059,0.0163195803985553,0.414066904445559,-0.0245154832166106,0.148997297955198,-0.0463016837336757,0.14319328557006,-0.0137111720463378,0.0134980636302897,-0.053642459195865,-20.9548289479647,376.244323251638
-1.33901205347488,-15.0762768312223,1.47345604781157,-0.146519800683714,0.402272869886963,0.213842551733149,0.337075275273472,-0.0423346866925141,0.203023164778629,-0.0245077964388988,0.130507323275609,0.00530895884240372,0.0507903339802253,-0.0774546528573521,-21.1657279565017,383.9089096285
-2.6464048927971,-15.7163114059421,1.55628462037016,0.102206176733092,0.38613327420635,0.0800529890324473,0.364020013145685,-0.106481764724538,0.098469627326886,-0.0538317426383287,0.222694155365759,0.00556004302261162,0.0108960473766032,-0.0836562994258361,-28.177709881182,369.225888262339
-2.43498311254171,-15.6593792202767,1.56478755329879,0.227410389475521,0.391262912692171,0.0467655230835879,0.310098440985919,-0.154177537889133,0.0554499729401282,-0.0622496610231384,0.216938914637085,0.0194222354352431,0.0153952365655964,-0.101328837231143,-27.8946837832332,386.86500516963
-2.16816175394267,-15.4532569335279,1.70448164726694,0.249047491698384,0.417939239265025,0.0428585171270518,0.44843567022655,-0.0376910306941972,0.141827030673919,-0.018107285365814,0.125770524547421,0.00242322170125208,0.00870692527429983,-0.0668312435333711,-24.5695037553809,350.349313044879
-2.16084023170388,-15.5842290837176,1.61697581886698,0.311803860076361,0.410910854466607,0.059918787327769,0.444176821226316,-0.0352306743375982,0.157645419118816,-0.000474190303878611,0.11804024537289,-0.0339347665103152,0.00723741716236356,-0.0768555348744195,-23.7348766274012,349.354913684634
-2.82500292840309,-15.3597751069401,0.749005101761386,-0.0254281502431499,0.497935960517617,-0.0591095920312778,0.447598249474998,-0.132687158397923,0.0944506250896815,-0.0379303365228766,0.156986940697205,0.0176019292911053,0.0475351110379417,-0.0993862110539103,-30.8363886730017,394.478330181221
-0.778623854935363,-12.6887164253522,2.45688413689173,-0.113341647842835,0.0746884538661864,-0.150380107019899,0.203818467845028,-0.190410355058436,0.0398101669282596,-0.107881841295258,0.110484281930188,-0.0593992498442282,0.0520732898948291,-0.0357308484294434,-20.7180745849449,261.566174225716
-0.496758804658546,-12.4732250562035,2.96676673407261,-0.16488275243454,-0.143609139597154,-0.32526478805207,0.116100507976621,-0.191953153464317,0.0684644973235959,-0.126090600375083,0.0438419654063433,-0.0618722667327244,0.0348842813846468,-0.0189107533623246,-20.5518965965742,267.34716391598
-2.49018641849063,-15.396100398097,1.98704575624733,0.357865645387533,0.40246243408916,0.0943395947228163,0.478606370868576,-0.0641008760157496,0.130838888743091,-0.0818820755325904,0.196209081907311,0.0115896086518258,0.00804189168233045,-0.0851471460208481,-28.3895109673755,304.966807589112
-2.61381148584977,-15.0841238599919,1.95483494159584,0.273190053468494,0.363350516456903,0.101699018585959,0.570853435480701,-0.0539755889716292,0.116206188518857,-0.138232078956025,0.104135757152235,-0.0246648755799154,0.0474777215307258,-0.0460180695536997,-31.44818392041,333.558196673856
-1.27625457312015,-14.7300707435791,1.77655398695896,0.249621691956556,0.449938089287201,0.113564256958823,0.546973800010262,0.00640283651717661,0.0379486741416276,-0.0914242927809342,0.0979451152409383,0.00996925694503164,0.0172920178605807,-0.0653409707918409,-19.6136576953674,366.972371205047
-2.51381979272451,-15.2700544194917,1.74193572024407,0.140440767058699,0.205581238168047,0.044505103331362,0.577189548928289,-0.0340946238117247,0.146115520309172,-0.128824330390825,0.0773246521102127,-0.00652026986751417,0.0499867626280193,-0.0296183699084991,-30.0988368776429,362.152538133105
-0.964437995156677,-13.9727682301207,2.01631947996761,0.283991585172044,0.384576599297522,-0.0299307904106979,0.329889264929179,-0.0399192916815565,0.144578019954843,-0.0133938103175803,0.119923673919543,-0.0251876970133238,0.0717545847564338,-0.00775537855445798,-16.9415967468677,332.023972216952
-1.61543761696429,-14.4064476460164,1.99558858196846,0.141427966504726,0.307540343312222,0.0146982516599836,0.386233255465068,-0.0656435351038156,0.14183459119278,-0.0614076624382796,0.148355661957737,-0.0319550609106891,0.0514407835997166,-0.0180634837159132,-21.3197126042226,320.427304988047
-2.49555005044687,-14.5727716571333,1.73529620973591,0.345911492283714,0.0743373698751361,-0.11631216528844,0.525457209734307,0.0597983607760145,0.210088208110613,-0.0696187252880339,0.212367200199794,0.0385410250707101,0.0142183681410404,-0.0179317622260917,-25.926345704063,280.509328932614
-2.00737592430641,-14.8461740973142,0.987492672252772,0.275341005451022,0.400437057504112,-0.126422632803696,0.376098430654826,-0.0760105884659733,0.230747417861842,-0.0554806440060002,0.253146106833168,0.0170144956272102,-0.0492959185607193,-0.00438907948080695,-25.7369403325505,377.377980137805
-1.82937777583275,-14.2958908455444,1.61010687621703,0.151341056663815,0.239734895116743,0.107605284868458,0.608683633897125,0.0788446380865364,0.202178717542764,0.0541731836109625,0.048207608575517,0.0123792188244627,0.0573754158359442,-0.0605853904694231,-27.3720620378578,347.169798189314
-0.823825682989732,-14.0306306025185,1.51152907052775,0.215777442601667,0.536028374283707,0.102328944699414,0.411846711367478,0.0376947631807016,0.13500821600214,0.0413397075878067,0.0342770970630037,0.0566291867864231,0.0505209983645197,-0.0621969439279788,-18.7616130646104,328.410744069285
-1.48769467520365,-14.4605617508127,2.04840192037102,0.264569330285574,0.427644349550377,-0.0070140269056778,0.332027937805275,-0.089140364806723,0.157325727174149,-0.0173628035284433,0.108142105108666,-0.0196217527230981,0.0632132061432231,-0.0708087334083198,-24.2149059542834,344.433130667116
-1.82992642066413,-14.6628862522291,1.72863262813229,0.24161251578055,0.419419114098386,-0.15124242849392,0.260838611077289,-0.136208228370746,0.104778056183308,-0.0836025447198815,0.111085817493773,-0.0445582350671554,0.0139135081216571,-0.0537712183953442,-23.9641644412713,377.409422355738
-1.83223105213892,-15.1142786489013,1.83106180216033,0.427874504425225,0.338004035497964,-0.190202783766969,0.317471574945087,-0.0730183460513315,0.128788920491218,-0.07016424567293,0.142406782519787,-0.033800338316241,0.0117686617375635,-0.0695036037216402,-22.3555653905394,377.578018148089
-2.67446511162689,-14.8214904009622,1.45250342829346,0.10459856234707,0.453193994735104,0.00711612347963805,0.533629890563025,-0.0663193248194272,0.100639366869455,-0.0515752039144491,0.159915197462445,0.0194946411817508,0.0443710114994446,-0.0942408689828062,-31.7502699065326,321.409242685758
-2.16567242589844,-14.5235154830689,1.66222165179891,0.020153591189279,0.3275517748002,0.042391686583478,0.493458209030715,-0.0860669838097881,0.0388448388203568,-0.0481004511635177,0.0955598068198768,-0.0178365309078168,0.0155084099525764,-0.0723685133593809,-29.3203539679991,372.103083877
-2.15511542510878,-14.0434307214082,1.36928913677336,-0.0198939553115378,0.323265754990014,-0.0499178637049473,0.514852948456209,-0.0337546022677793,0.0663964009429129,-0.0282488695243192,0.16779298023861,-0.0261936239623689,0.0181342326754747,-0.0268494359411191,-24.0573212833062,356.612671004661
-2.88932803960972,-14.4411241027424,0.885865941890648,0.0726725115087377,0.52429288785502,-0.0576420911710077,0.452432025059644,0.033797438623497,0.127061771626174,-0.0324362165081777,0.121380830749671,0.0342435825034929,-0.0169857233127649,-0.0827012113286812,-29.5675296071418,329.460274200171
-2.49785666541106,-13.8048368803068,2.08845396406377,0.169967895624646,0.0376385522981339,0.0802830190442342,0.555127912809022,-0.0437437693415191,0.185526110227058,0.0298953055989586,0.0621651013645395,0.0132040686336215,0.0329750881181941,-0.0358984250631089,-28.0159824169862,171.732590392756
-1.53193959067873,-14.4325074693068,0.88577840160446,-0.0262120424469843,0.626177532655323,0.178306718018318,0.238776026473049,0.0440308626594324,0.298871902172447,-0.118787801967473,0.0929383282774264,0.078911810854939,0.00444089186999605,-0.0974596453053347,-19.9295520176949,387.804956573271
-2.42352199058714,-13.9653078510529,1.46536415727478,0.29184724581024,0.379297129079086,-0.000950312178767769,0.232337102034312,0.0117495986108737,0.262126359578784,-0.0078336913367399,0.175455414883629,0.0414798834528095,0.0635665997626245,-0.0749387479592643,-29.0811899645378,238.839212385581
-1.77798792954211,-14.2120254317122,1.23519546707262,0.159388611497885,0.397224113648688,-0.023552967547332,0.341457569662863,0.0855087866924377,0.209852386870069,-0.0752739887121324,0.0458888557338626,0.0922796975735662,0.0152804444314037,-0.0882214981752034,-21.2966497610801,382.622919545055
-1.94644736956754,-14.4875033799108,1.61734563501129,-0.107150259755084,0.176698050534833,0.25501691874562,0.412175282776568,-0.0768785045434947,0.209728816876155,-0.0602512287452001,0.0720029602034343,0.0907233024710826,0.0531338499517096,-0.0625134687023602,-24.0071511425329,361.995261081278
-3.25387084009191,-14.9274536820246,1.42550558107591,0.160667534387219,0.537451138163136,-0.128233050288702,0.434226501564171,-0.024657043653586,0.172828269513994,-0.0492240099969993,0.177914044508966,0.0397383603983832,0.0318377629684681,-0.0826167862575391,-33.6114915704195,304.287646615651
-2.4089635684935,-14.6313558188797,1.52082522798225,0.287085577965177,0.60039158047863,-0.0884651666578455,0.427481220082514,-0.0603827023325274,0.154778616379452,-0.031769171802025,0.164175465845764,0.00905499569541079,0.0561282251154019,-0.0747137172760162,-22.6596876065157,272.79780678073
-2.6327076454554,-14.7506891492969,1.44880740676883,0.231402072564859,0.592206873355982,-0.102736351187484,0.457242757338707,-0.0807004855179986,0.151780606851776,-0.0269590410366029,0.124218095058523,0.0307377254513811,0.0394345580390226,-0.0771811295987387,-22.4894309092216,292.178731805115
-1.29390444431082,-14.7066521904131,1.59599431691846,0.234995537931785,0.434379128965089,0.027702266814361,0.355005098858183,-0.0723184758773153,0.123730780266335,-0.0236701607619755,0.126940363798226,0.00564515304605045,0.0411563963128215,-0.0680052270763167,-20.4892380051604,360.474019866241
-1.14472524614818,-14.6377135615622,1.6103868374168,0.121427286380138,0.426890130171856,0.173377641818471,0.458949466164447,-0.0410787697701256,0.0908397325356557,-0.04120332304173,0.19034375502295,0.0471957072885757,-0.0220413101552691,-0.0859965972837666,-17.4738296367745,355.972297706875
-1.6069117122113,-14.9150413960624,1.6314423263957,0.370584799949078,0.61746171335136,0.188520745624131,0.367555978058966,-0.0295455015260427,0.17163608612053,-0.0374319735170158,0.128005541892701,-0.0232933925590849,0.0309841559525174,-0.0490491732652909,-18.9915121949076,352.384380478173
-2.79626043912791,-15.195636940491,1.35506554528694,-0.125862780417362,0.13787106935327,0.0538942407801517,0.703601521874267,-0.0264165389932023,0.128656172892534,-0.102680137918385,0.15847659175502,0.00650318615615187,0.0335888226844187,-0.0451117524335011,-33.1802205881551,372.000042852836
-3.46437977820855,-14.3866053404061,1.81411295606351,-0.534434267796427,-0.100977369007958,-0.133861697695345,0.550942078026406,0.0975860618419498,0.19983359798405,-0.202455144738994,0.143030567902894,-0.0595699355562147,0.0770460565518307,-0.0762949175337157,-28.0917937609332,225.771313145048
-3.08035091232537,-14.6308458899776,1.79560273186048,-0.373956028765683,0.0156125780788028,-0.0805786216183214,0.541665543166888,0.0902487143030241,0.196381979299111,-0.156062275909536,0.132580596599965,-0.0539562466422948,0.0583484369980705,-0.0644082186838177,-26.5715349943872,267.934010416985
-2.43695670466328,-14.1112166959076,1.24665589098426,-0.052168111638733,0.120203265358681,-0.12883975718761,0.570157949496519,0.0218409681109201,0.0958623957431909,-0.0684838987414277,0.0969423172739163,0.0182664073484289,0.0216965283358707,-0.0417689725258399,-28.1045302846726,364.430751664672
-2.49588944750209,-14.3104189248631,1.66495988046484,0.403189314099745,0.323244176703183,-0.182207872435177,0.361488372641454,0.000239407303714547,0.213236316814337,-0.140803027577242,0.139053179698137,0.0498849068192728,0.00394106024356203,-0.0969024382920089,-27.2718728322659,297.926265909416
-1.30701824322639,-13.7165914790323,1.32143356160573,0.0917147034850867,0.561274348476108,0.0365658711545362,0.237919864657258,-0.0255760274218039,0.174244663799546,-0.0349764916084718,0.112159579093347,0.00934065291224511,0.0390743960014164,-0.0236394030027094,-17.1529656669065,343.056794341151
-1.20870158189442,-13.6938628250308,1.35021460277888,0.0156338158705197,0.447119456417612,-0.0242990524809255,0.188876467334954,-0.0285611453069141,0.202115749884981,-0.0562478190922242,0.111551351666637,0.0324973354321187,0.0403725791017664,-0.0224366495899496,-18.6772857270036,341.339285629922
-2.15745158216702,-13.6988674121425,1.12230032061106,-0.163345639836138,0.358515434420819,-0.042081145627573,0.458145269325776,0.12069461004836,0.24655540822746,-0.116755942362729,0.107837003780275,0.0619155449192103,0.0134065402280953,-0.0857381640309759,-26.3500324915295,317.703734046158
-0.985581032807225,-12.7715927611299,1.51534277216933,-0.252297339254356,0.163315012394605,0.117697234403188,0.482690459236486,0.0355408334579411,0.216323937507857,0.0747175920694673,0.0722223255230754,-0.014349557600163,0.106161093092584,-0.0162474531087007,-19.4935386457774,265.097502349672
-4.12989633258542,-14.3207808804361,0.9885370256185,0.201598669885583,0.528867090762021,0.0303161493984258,0.184190922242409,-0.0846593110899995,0.214927819631137,-0.0486559843344538,0.144591229269258,-0.0051560585689504,0.0687204045072813,-0.0634054494040884,-37.8307644155979,194.696056298046
